MAIN_ID,RA,DEC,NAME
3C 273,187.27791499999995,2.052388333333333,3C273
