MAIN_ID,RA,DEC,NAME
3C 273,187.27791499999995,2.052388333333333,3C273
M  12,251.80908333333335,-1.9485277777777779,M12
